पुट संख्या	नाम संख्या	नाम	प्रातिपदिकं	अन्त्यवर्णः लिङ्गं च
७९०	११५	अक्रूरः	अक्रूर	अ पुं
७७	१७	अक्षरः	अक्षर	अ पुं
४३६	४८०	अक्षरम्	अक्षर	अ न
६८१	८०१	अक्षोभ्यः	अक्षोभ्य	अ पुं
८३०	९९१	अजयः	अजय	अ पुं
७५२	८९९	अग्रणीः	अग्रणी	ई पुं
१५९	२२०	अग्राह्यः	अग्राह्य	अ पुं
६४५	७५३	अचलः	अचल	अ पुं
७०८	८३९	अच्युतः	अच्युत	अ पुं
३६५	१०६	अजः	अज	अ पुं
४७५	५२४	अजितः	अजित	अ पुं
७१०	८४७	अजः	अज	उ पुं
७१०	१५९	अतीन्द्रियः	अतीन्द्रिय	अ पुं
२५१	१७२	अतीन्द्रः	अतीन्द्र	अ पुं
३१६	६५७	अतुलः	अतुल	अ पुं
३१३	३०५	अदृश्यः	अदृश्य	अ पुं
७५६	८२६	अद्वतः	अद्वत	अ पुं
७१६	८४६	अधिष्ठानम्	अधिष्ठान	अ न
७९६	९४६	अधृतः	अधृत	अ पुं
३९९	४४६	अधोक्षजः	अधोक्षज	अ पुं
७०८	८४५	अनघः	अनघ	अ पुं
३९६	३०८	अनन्तः	अनन्त	अ पुं
३९६	३०८	अनन्तजित्	अनन्तजित्	त् पुं
७८२	९३२	अनन्तकृपः	अनन्तकृप	अ पुं
७८३	९३३	अनन्तश्रीः	अनन्तश्री	ई स्त्री
७४८	८९७	अनन्तव्रतः	अनन्तव्रत	अ पुं
७४८	८९७	अनन्तात्मा	अनन्तात्मन्	न् पुं
४७२	५०९	अनयः	अनय	अ पुं
४०६	४६२	अनर्थः	अनर्थ	अ पुं
६३०	७३४	अनलः	अनल	अ पुं
९०५	९४२	अनादिः	अनादि	इ पुं
९०५	९४२	अनादिनिधनः	अनादिनिधन	अ पुं
६८०	९९४	अनामयः	अनामय	अ पुं
२५१	२७९	अनिरुद्धः	अनिरुद्ध	अ पुं
५३३	६०८	अनिमिषः	अनिमिष	अ पुं
२२६	१७९	अनिर्देश्यवपुः	अनिर्देश्यवपुस्	स् पुं
५३४	६२६	अनिवर्ती	अनिवर्तिन्	न् पुं
५३३	६०२	अनिलः	अनिल	अ पुं
५३३	६०२	अनिवर्ती	अनिवर्तिन्	न् पुं
३२७	३४९	अनीशः	अनीश	अ पुं
२३७	८९	अनुकुलः	अनुकुल	अ पुं
७२७	८२७	अनुत्तमः	अनुत्तम	अ पुं
६२७	७२७	अनुकृतिः	अनुकृति	इ स्त्री
८५९	९९६	अनुः	अनु	उ पुं
८५९	९९६	अग्रजः	अग्रज	अ पुं
८१६	९८६	अप्रमत्तः	अप्रमत्त	अ पुं
८२९	९९९	अपराजितः	अपराजित	अ पुं
३२५	३२५	अपांनिधिः	अपांनिधि	इ पुं
६२५	६९५	अप्रतिरथः	अप्रतिरथ	अ पुं
३३०	३२०	अप्रमत्तः	अप्रमत्त	अ पुं
१९७	१६९	अप्रमेयः	अप्रमेय	अ पुं
५६७	६४६	अप्रमेयात्मा	अप्रमेयात्मन्	न् पुं
७३७	८७५	अभिप्रायः	अभिप्राय	अ पुं
१९३	७९	अभिप्राशुः	अभिप्राशु	उ पुं
४७०	५५२	अमानी	अमानिन्	न् पुं
५६७	६५१	अमितविक्रमः	अमितविक्रम	अ पुं
३५७	३७४	अमिताशनः	अमिताशन	अ पुं
७०७	८४४	अमितिः	अमिति	इ पुं
६२६	७२५	अमृतांशुः	अमृतांशु	उ पुं
९८०	९२०	अमृतः	अमृत	अ पुं
४५९	५०६	अमृतवपुः	अमृतवपुस्	स् पुं
२९७	२७९	अमृत्युः	अमृत्यु	उ पुं
२९७	२००	अमोघः	अमोघ	अ पुं
२२०	१८४	अमेयः	अमेय	उ पुं
२०२	१५६	अमोघः	अमोघ	अ पुं
४७९	५२०	अमोघविक्रमः	अमोघविक्रम	इ पुं
३४९	३४९	अरविन्दः	अरविन्द	इ पुं
७६९	९०९	अरविन्दाक्षः	अरविन्दाक्ष	इ पुं
५५१	६०९	अर्कः	अर्क	इ पुं
५५८	६४०	अर्चितः	अर्चित	इ पुं
४८२	५३१	अर्चिष्मान्	अर्चिष्मत्	त् पुं
७३९	८८९	अर्थः	अर्थ	अ पुं
७३९	४८३	अर्हः	अर्ह	अ पुं
७३९	७२७	अशिथिलः	अशिथिल	ऋ पुं
६२७	७२७	अव्यग्रः	अव्यग्र	अ पुं
९६२	९३	अव्ययः	अव्यय	अ पुं
९६२	९३	अव्यङ्गः	अव्यङ्ग	अ पुं
६६८	३३८	अशोकः	अशोक	अ पुं
७०४	८२८	अशेषः	अशेष	अ पुं
२७३	२७८	असंख्येयः	असंख्येय	अ पुं
४३०	४८९	असत्	असत्	त् पुं
४८०	९८१	असत्सरम्	असत्सर	अ पुं
९५६	९९	अहः	अहस्	स् पुं
५४९	४९९	अहःसंवर्तकः	अहःसंवर्तक	अ पुं
८९७	९८९	आत्मवान्	आत्मवत्	त् पुं
८९७	९८९	आत्मयोनिः	आत्मयोनि	इ पुं
५०९	५९९	आदित्यः	आदित्य	अ पुं
५०६	३३६	आदिदेवः	आदिदेव	अ पुं
४९०	५५०	आधारनिलयः	आधारनिलय	अ पुं
५५९	५५९	आनन्दः	आनन्द	अ पुं
५५९	५५९	आनन्दी	आनन्दिन्	न् पुं
२२०	१८४	आवर्तनः	आवर्तन	अ पुं
७२३	८५८	आश्रमः	आश्रम	अ पुं
३५८	३७५	उद्भवः	उद्भव	अ पुं
८७६	७२६	उपेन्द्रः	उपेन्द्र	अ पुं
२९९	१५८	उर्जितः	उर्जित	अ पुं
७६६	९१०	ऊर्जितशासनः	ऊर्जितशासन	अ पुं
७५७	९५४	ऊर्ध्वगः	ऊर्ध्वगः	अ पुं
३९२	४१७	ऋतुः	ऋतु	उ पुं
३९२	४३९	ऋद्धः	ऋद्ध	अ पुं
३९३	४४०	एकः	एक	अ पुं
६६२	७४८	एकपात्	एकपाद्	द् पुं
८०५	९४५	एकात्मा	एकात्मन्	न् पुं
२०५	२७६	ओजस्तेजोद्युतिधरः	ओजस्तेजोद्युतिधर	अ पुं
३००	२८८	ओषधम्	ओषध	अ न
७३२	८६४	औषधम्	औषध	अ न
७२९	८६२	कः	क	अ पुं
७२९	८६२	कथितः	कथित	अ पुं
७५२	८५५	कनकाङ्गदी	कनकाङ्गदिन्	न् पुं
७५९	९०७	कपिः	कपि	इ पुं
४८३	५३५	कपिलः	कपिल	अ पुं
४८३	५०३	कपिलाचार्यः	कपिलाचार्य	अ पुं
३३२	३८०	करणम्	करण	अ न
३२१	३१४	कर्ता	कर्तृ	ऋ पुं
३२४	३८२	कर्त्ता	कर्तृ	ऋ पुं
२२४	३४०	कविः	कवि	इ पुं
३०७	२७७	कान्तः	कान्त	अ पुं
३०८	३६८	कामः	काम	अ पुं
३०८	२९६	कामकृत्	कामकृत्	त् पुं
३०८	२९७	कामदेवः	कामदेव	अ पुं
३७३	३५८	कामपालः	कामपाल	अ पुं
३०८	२९८	कामप्रदः	कामप्रद	अ पुं
३०५	२९३	कामहा	कामहन्	न् पुं
३७५	३९३	कामी	कामिन्	न् पुं
३६९	३८१	कारणम्	कारण	अ न
३९३	४३६	कालः	काल	अ पुं
७५९	९०८	कालनेमिनिहा	कालनेमिनिहन्	न् पुं
६३२	७३५	किम्	किम्	म् न
७६४	९०९	कुण्डली	कुण्डलिन्	न् पुं
६९०	८१५	कुन्दः	कुन्द	अ पुं
६८८	८१४	कुन्दरः	कुन्दर	अ पुं
५८८	८२३	कुमुदः	कुमुद	अ पुं
५५५	६४४	कुम्भः	कुम्भ	अ पुं
९३९	९९४	कुवलेशयः	कुवलेशय	अ पुं
६२५	७२४	कुन्दः	कुन्द	अ पुं
७३०	८७०	कृतकृत्	कृतकृत्	त् पुं
५४९	६३६	कृतलक्षणः	कृतलक्षण	अ पुं
४४९	५०४	कृताकृतः	कृताकृत	अ पुं
६५५	७४९	कृतागमः	कृतागम	अ पुं
६५५	७५०	कृतान्तकृत्	कृतान्तकृत्	त् पुं
४८९	५४१	कृतिः	कृति	इ स्त्री
४९२	५४२	कृष्णः	कृष्ण	अ पुं
८८९	९५७	केशवः	केशव	अ पुं
५७०	६५४	केशिहा	केशिहन्	न् पुं
४४७	५०५	क्रतुः	क्रतु	उ पुं
४२७	४९०	क्रमः	क्रम	अ पुं
३२०	३१५	क्रोधकृत्	क्रोधकृत्	त् पुं
३२०	३१६	क्रोधहा	क्रोधहन्	न् पुं
७९१	९९३	क्षामः	क्षाम	अ पुं
७९१	९९३	क्षमी	क्षमिन्	न् पुं
४३७	४८२	क्षरम्	क्षर	अ न
४३७	४८२	सामः	साम	अ न
७३०	८६६	क्षितीशः	क्षितीश	अ पुं
८२२	९८७	क्षेत्रज्ञः	क्षेत्रज्ञ	अ पुं
५३६	६०६	क्षेमकृत्	क्षेमकृत्	त् पुं
३९८	३७६	क्षेम्यः	क्षेम्य	अ पुं
५९१	५७२	खण्डपरशुः	खण्डपरशु	उ पुं
५९१	५७३	गतिसत्तमः	गतिसत्तम	अ पुं
८९८	९९०	गदाग्रजः	गदाग्रज	अ पुं
८१८	९८७	गदाधरः	गदाधर	अ पुं
४९६	५७८	गभस्तिनेमिः	गभस्तिनेमि	इ पुं
४९९	५४७	गभीरः	गभीर	अ पुं
७८६	९४४	गभीरात्मा	गभीरात्मन्	न् पुं
३४९	३५६	गरुडध्वजः	गरुडध्वज	अ पुं
४४५	५०१	गहनः	गहन	अ पुं
७४३	८९३	गुप्तः	गुप्त	अ पुं
७४३	८९३	गुहः	गुह	अ पुं
२४८	२९९	गुरुः	गुरु	उ पुं
२४८	२९९	गुरुतमः	गुरुतम	अ पुं
४९३	५४५	गुह्यः	गुह्य	अ पुं
४३०	५००	गोपतिः	गोपति	इ पुं
४३२	४८८	गोप्ता	गोप्तृ	ऋ पुं
२४०	१९०	गोविन्दः	गोविन्द	अ पुं
२४०	१९०	गोविन्दपतिः	गोविन्दपति	इ पुं
५३०	५९८	गोप्ता	गोप्तृ	ऋ पुं
५१०	५९८	गोहितः	गोहित	अ पुं
५५०	५९८	ग्रामणीः	ग्रामणी	ई पुं
४४०	४९७	ग्रसिताशी	ग्रसिताशिन्	न् पुं
४४०	४९७	चक्रगदाधरः	चक्रगदाधर	अ पुं
७६५	९०९	चक्री	चक्रिन्	न् पुं
७९५	९४९	चतुरात्मा	चतुरात्मन्	न् पुं
७९५	९५०	चतुर्गतिः	चतुर्गति	इ पुं
६६९	७७९	चतुर्दंष्ट्रः	चतुर्दंष्ट्र	अ पुं
६६९	७८१	चतुर्भुजः	चतुर्भुज	अ पुं
६६९	७८२	चतुर्व्यूहः	चतुर्व्यूह	अ पुं
६६९	७८३	चतुर्गतिः	चतुर्गति	इ पुं
६६९	७८४	चतुर्वेदवित्	चतुर्वेदविद्	द् पुं
६६९	७८४	चतुरः	चतुर	अ पुं
२७५	२०२	चन्द्रांशुः	चन्द्रांशु	उ पुं
८७६	७९२	चमूहरः	चमूहर	अ पुं
८०२	९६२	चन्द्रः	चन्द्र	अ पुं
३०९	२८०	छिन्नसंशयः	छिन्नसंशय	अ पुं
१०१	१०१	जगतः सेतुः	जगतः सेतु	उ पुं
१०१	१०१	जगदादिजः	जगदादिज	अ पुं
७७२	९१४	जनजन्मादिः	जनजन्मादि	इ पुं
७९०	९२८	जनार्दनः	जनार्दन	अ पुं
८०५	९६६	जनः	जन	अ पुं
८०५	९६६	जयः	जय	अ पुं
८८९	९५४	जयन्तः	जयन्त	अ पुं
२८९	८०४	जज्ञुः	जज्ञु	उ पुं
४३६	४८४	जितक्रोधः	जितक्रोध	अ पुं
७३४	८६३	जितमन्युः	जितमन्यु	उ पुं
७८८	९२७	जितमित्रः	जितमित्र	अ पुं
४८८	५३९	जितामित्रः	जितामित्र	अ पुं
४८८	५३९	जीवः	जीव	अ पुं
७८९	९३०	जीवनः	जीवन	अ पुं
२०५	२५०	जेता	जेतृ	ऋ पुं
४९८	५४५	ज्ञानगम्यः	ज्ञानगम्य	अ पुं
४९९	५५५	ज्ञानमुत्तमम्	ज्ञानमुत्तम	अ न
५३४	६८८	ज्येष्ठः	ज्येष्ठ	अ पुं
७४२	८९१	ज्योतिः	ज्योतिस्	स् न
५४०	६२५	ज्योतिरादित्यः	ज्योतिरादित्य	अ पुं
६३४	७३७	तत्वम्	तत्व	अ न
८०४	९६४	तत्ववित्	तत्वविद्	द् पुं
८०४	९६४	तन्तुवर्धनः	तन्तुवर्धन	अ पुं
८०८	९६८	तारः	तार	अ पुं
३३६	३८८	तारकः	तारक	अ पुं
६०५	६७९	तीर्थकरः	तीर्थकर	अ पुं
१२५	६२	तुष्टः	तुष्ट	अ पुं
८५	५९	त्रिककुब्धाम	त्रिककुब्धामन्	न् पुं
८८	७९	त्रिलोकधृक्	त्रिलोकधृज्	ज् पुं
६८	४२	त्रिलोकधृक्	त्रिलोकधृक्	त् पुं
६८	४२	त्रिलोकेशः	त्रिलोकेश	अ पुं
८९	७९	त्रिविक्रमः	त्रिविक्रम	अ पुं
५१८	५८१	त्रिसामा	त्रिसामा	अ पुं
५१६	५८२	त्रिविधः	त्रिविध	अ पुं
३७०	३९१	दक्षः	दक्ष	अ पुं
७३९	८८५	दक्षिणः	दक्षिण	अ पुं
७३०	८६५	दण्डः	दण्ड	अ पुं
७३१	८६६	दमः	दम	अ पुं
२५९	१९२	दमनः	दमन	अ पुं
९३१	९९२	दमयिता	दमयितृ	ऋ पुं
६२०	७१०	दर्पदः	दर्पद	अ पुं
६२०	७११	दर्पहा	दर्पहन्	न् पुं
३५४	३६९	दामोदरः	दामोदर	अ पुं
५१३	५७७	दारुणः	दारुण	अ पुं
५४५	५९३	दाशार्हः	दाशार्ह	अ पुं
४१६	४७४	दिक्	दिश्	श् स्त्री
६२५	७३४	दीप्तमूर्तिः	दीप्तमूर्ति	इ पुं
६६६	७८२	दुराक्रमः	दुराक्रम	अ पुं
८२५	९८९	दुराराध्यः	दुराराध्य	अ पुं
८२५	९८९	दुरावासः	दुरावास	अ पुं
७८५	९४१	दुर्जयः	दुर्जय	अ पुं
८६५	९८५	दुर्गमः	दुर्गम	अ पुं
२९६	२०७	दुर्धरः	दुर्धर	अ पुं
२९६	२०७	दुर्मर्षणः	दुर्मर्षण	अ पुं
७७८	९२०	दुर्लभः	दुर्लभ	अ पुं
७७८	९२०	दुष्कृतिहा	दुष्कृतिहन्	न् पुं
७७८	९२०	दुःस्वप्ननाशनः	दुःस्वप्ननाशन	अ पुं
५५५	६५५	देवः	देव	अ पुं
८२०	९९४	देवकीनन्दनः	देवकीनन्दन	अ पुं
४४०	४९४	देवभृत्	देवभृत्	त् पुं
४४०	४९४	देवेशः	देवेश	अ पुं
८५४	९७४	द्युतिधरः	द्युतिधर	अ पुं
५९८	६६६	द्रविणप्रदः	द्रविणप्रद	अ पुं
५९८	६६६	धनंजयः	धनंजय	अ पुं
७२०	८६०	धनुर्धरः	धनुर्धर	अ पुं
७२०	८६०	धनुर्वेदः	धनुर्वेद	अ पुं
४०५	४६५	धनः	धन	अ पुं
४४४	४९९	धन्वी	धन्विन्	न् पुं
२४४	२४४	धरणीधरः	धरणीधर	अ पुं
६५३	७६२	धराधरः	धराधर	अ पुं
१०२	१०२	धर्मः	धर्म	अ पुं
४३४	४८४	धर्मकृत्	धर्मकृत्	त् पुं
४३४	४८४	धर्मगुप्	धर्मगुप्	प् पुं
४३४	४८४	धर्मयुपः	धर्मयुप	अ पुं
३८०	४०५	धर्मविदुत्तमः	धर्मविदुत्तम	अ पुं
९३५	९९५	धर्माध्यक्षः	धर्माध्यक्ष	अ पुं
९०९	९५१	धाता	धातृ	ऋ पुं
९०९	९५२	धातुरुत्तमः	धातुरुत्तम	अ पुं
२२९	२९८	धाम	धामन्	न् न
३२०	३३५	ध्रुवः	ध्रुव	अ पुं
३२०	३३५	धृतार्चिः	धृतार्चिस्	स् पुं
४०८	४६९	नक्षत्रनेमिः	नक्षत्रनेमि	इ पुं
४०८	४६९	नक्षत्री	नक्षत्रिन्	न् पुं
४८१	५२९	नन्दः	नन्द	अ पुं
४८१	५२९	नन्दकी	नन्दकिन्	न् पुं
५८०	६५०	नन्दनः	नन्दन	अ पुं
५८०	६५०	नन्दिः	नन्दि	इ पुं
५०६	५७१	नरः	नर	अ पुं
२७९	३४३	नहुषः	नहुष	अ पुं
८२	२१	नारसिंहवपुः	नारसिंहवपुस्	स् पुं
२७०	२४६	नारायणः	नारायण	अ पुं
९५६	९२	नियामः	नियाम	अ पुं
७३३	८६८	नियन्ता	नियन्तृ	ऋ पुं
२९२	२६२	नियमः	नियम	अ पुं
७४४	८९४	निरोगः	निरोग	अ पुं
५२०	५८४	निर्वाणम्	निर्वाण	अ न
९४०	६०४	निवृत्तात्मा	निवृत्तात्मन्	न् पुं
२५६	२२४	नेता	नेतृ	ऋ पुं
२५६	२२४	नेयः	नेय	अ पुं
४२०	४७९	नेकः	नेक	अ पुं
४२०	४७९	नेकर्मकृत्	नेकर्मकृत्	त् पुं
३९१	८९९	नेकशृङ्गः	नेकशृङ्ग	अ पुं
३९१	८९९	नेकारमायः	नेकारमाय	अ पुं
२८९	२०२	नैकरूपः	नैकरूप	अ पुं
८३८	९६९	नैकरूपः	नैकरूप	अ पुं
२९९	२२३	न्यायः	न्याय	अ पुं
८०१	९५८	पद्मनाभः	पद्मनाभ	अ पुं
८०१	९५८	पद्मनिभः	पद्मनिभ	अ पुं
८०१	९५८	पद्मयोनिः	पद्मयोनि	इ पुं
८०१	९५८	पद्माक्षः	पद्माक्ष	अ पुं
८०१	९५८	पद्मी	पद्मिन्	न् पुं
८०१	९५८	पद्मेशः	पद्मेश	अ पुं
८०१	९५८	पद्मोद्भवः	पद्मोद्भव	अ पुं
८०१	९५८	पयोधिः	पयोधि	इ पुं
८०१	९५८	परः	पर	अ पुं
८०१	९५८	परब्रह्म	परब्रह्मन्	न् न
८०१	९५८	परमेश्वरः	परमेश्वर	अ पुं
८०१	९५८	परमेष्ठी	परमेष्ठिन्	न् पुं
८०१	९५८	परावरः	परावर	अ पुं
८०१	९५८	परिग्रहः	परिग्रह	अ पुं
८०१	९५८	पवनः	पवन	अ पुं
८०१	९५८	पवित्रम्	पवित्र	अ न
८०१	९५८	पापनाशनः	पापनाशन	अ पुं
८०१	९५८	पावनः	पावन	अ पुं
८०१	९५८	पुण्डरीकाक्षः	पुण्डरीकाक्ष	अ पुं
८०१	९५८	पुण्यः	पुण्य	अ पुं
८०१	९५८	पुण्यकीर्तिः	पुण्यकीर्ति	इ पुं
८०१	९५८	पुण्यश्रवणकीर्तनः	पुण्यश्रवणकीर्तन	अ पुं
८०१	९५८	पुनर्वसुः	पुनर्वसु	उ पुं
८०१	९५८	पुरन्दरः	पुरन्दर	अ पुं
८०१	९५८	पुरातनः	पुरातन	अ पुं
८०१	९५८	पुरुषः	पुरुष	अ पुं
८०१	९५८	पुरुषोत्तमः	पुरुषोत्तम	अ पुं
८०१	९५८	पुष्करः	पुष्कर	अ पुं
८०१	९५८	पुष्कराक्षः	पुष्कराक्ष	अ पुं
८०१	९५८	पुष्टः	पुष्ट	अ पुं
८०१	९५८	पुष्पहासः	पुष्पहास	अ पुं
८०१	९५८	पूतात्मा	पूतात्मन्	न् पुं
८०१	९५८	पूरयिता	पूरयितृ	ऋ पुं
८०१	९٥८	पूज्यः	पूज्य	अ पुं
८०१	९५८	पूर्वः	पूर्व	अ पुं
८०१	९५८	पूषा	पूषन्	न् पुं
८०१	९५८	प्रकाशनः	प्रकाशन	अ पुं
८०१	९५८	प्रकाशात्मा	प्रकाशात्मन्	न् पुं
८०१	९५८	प्रजागरः	प्रजागर	अ पुं
८०१	९५८	प्रजापतिः	प्रजापति	इ पुं
८०१	९५८	प्रभवः	प्रभव	अ पुं
८०१	९५८	प्रभुः	प्रभु	उ पुं
८०१	९५८	प्रमर्दनः	प्रमर्दन	अ पुं
८०१	९५८	प्रलापनः	प्रलापन	अ पुं
८०१	९५८	प्रतिष्ठितः	प्रतिष्ठित	अ पुं
८०१	९५८	प्रत्ययः	प्रत्यय	अ पुं
८०१	९५८	प्रथितः	प्रथित	अ पुं
८०१	९५८	प्रद्युम्नः	प्रद्युम्न	अ पुं
८०१	९५८	प्रधानपुरुषेश्वरः	प्रधानपुरुषेश्वर	अ पुं
८०१	९५८	प्रपितामहः	प्रपितामह	अ पुं
८०१	९५८	प्रभञ्जनः	प्रभञ्जन	अ पुं
८०१	९५८	प्रभूतः	प्रभूत	अ पुं
८०१	९५८	प्रमाणम्	प्रमाण	अ न
४७९	५२८	प्रमोदनः	प्रमोदन	अ पुं
२०८	२५९	प्रसन्नात्मा	प्रसन्नात्मन्	न् पुं
७९८	९४९	प्रांशुः	प्रांशु	उ पुं
७१८	८४९	प्राग्वंशः	प्राग्वंश	अ पुं
६३	६४	प्राणः	प्राण	अ पुं
३२४	३२२	प्राणजीवनः	प्राणजीवन	अ पुं
८०३	९६२	प्राणदः	प्राणद	अ पुं
३२४	३२३	प्राणनिलयः	प्राणनिलय	अ पुं
८०५	९६५	प्राणभृत्	प्राणभृत्	त् पुं
८०३	९६९	प्रियकृत्	प्रियकृत्	त् पुं
७६८	९०६	प्रियार्हः	प्रियार्ह	अ पुं
७४०	८८०	प्रीतिवर्धनः	प्रीतिवर्धन	अ पुं
७९०	९५७	प्रीतिवर्धनः	प्रीतिवर्धन	अ पुं
८०२	९६०	बभुः	बभु	उ पुं
४०१	४६०	बहिरात्मा	बहिरात्मन्	न् पुं
४०१	४६०	बीजम् अव्ययम्	बीजम् अव्ययम्	अ न
५११	५८०	बुद्धः	बुद्ध	अ पुं
३३२	३३५	बृहद्रूपः	बृहद्रूप	अ पुं
२८८	२२५	बृहद्भानुः	बृहद्भानु	उ पुं
५८९	६६०	बृहद्भाष्यः	बृहद्भाष्य	अ पुं
५८९	६६०	ब्रह्म	ब्रह्मन्	न् न
५८९	६६०	ब्रह्मकृत्	ब्रह्मकृत्	त् पुं
५८९	६६०	ब्रह्मज्ञः	ब्रह्मज्ञ	अ पुं
५८९	६६०	ब्रह्मण्यः	ब्रह्मण्य	अ पुं
५८९	६६०	ब्रह्मविवर्धनः	ब्रह्मविवर्धन	अ पुं
५८९	६६०	ब्रह्मी	ब्रह्मिन्	न् पुं
५८९	६६०	ब्राह्मणः	ब्राह्मण	अ पुं
५८९	६६०	ब्राह्मणप्रियः	ब्राह्मणप्रिय	अ पुं
६२८	७४२	भक्तवत्सलः	भक्तवत्सल	अ पुं
५०५	५६३	भगवान्	भगवत्	त् पुं
५०५	५६४	भगहा	भगहन्	न् पुं
८०५	९६३	भयकृत्	भयकृत्	त् पुं
८०५	९६३	भयनाशनः	भयनाशन	अ पुं
८०५	९६३	भयापहः	भयापह	अ पुं
९४	३३	भर्ता	भर्तृ	ऋ पुं
९८८	९३६	भानुः	भानु	उ पुं
५१	३२	भावनः	भावन	अ पुं
२९९	२८३	भास्करद्युतिः	भास्करद्युति	इ पुं
५१०	५८४	भिक्षुकः	भिक्षुक	अ पुं
९४	३२	भीमः	भीम	अ पुं
९४	३२	भीमपराक्रमः	भीमपराक्रम	अ पुं
२३७	१९५	भुजगेशयः	भुजगेशय	अ पुं
४३	४	भुजगोत्तमः	भुजगोत्तमः	अ पुं
५१	४	भृङ्गः	भृङ्ग	अ पुं
५१	४	भृङ्गभृत्	भृङ्गभृत्	त् पुं
५१	४	भृङ्गभृत्	भृङ्गभृत्	त् पुं
५१	४	भृङ्गभृत्	भृङ्गभृत्	त् पुं
३०३	२९१	भूतभावनः	भूतभावन	अ पुं
५१	४	भूतभृत्	भूतभृत्	त् पुं
४६	५	भूतभव्यभवत्प्रभुः	भूतभव्यभवत्प्रभु	उ पुं
५१	५	भूतात्मा	भूतात्मन्	न् पुं
५१	५	भूतादिः	भूतादि	इ पुं
५१	५	भूतकृत्	भूतकृत्	त् पुं
५५७	६४७	भूतनिवासः	भूतनिवास	अ पुं
५५७	६४७	भूतिः	भूति	इ स्त्री
४४६	५०४	भूरिदक्षिणः	भूरिदक्षिण	अ पुं
४४६	५०४	भूर्भुवः	भूर्भुवस्	स् पुं
८०४	९६४	भूशयः	भूशय	अ पुं
२०५	१४४	भूषणम्	भूषण	अ न
२०५	१४४	भ्राजिष्णुः	भ्राजिष्णु	उ पुं
२०५	१४४	भृशम्	भृश	अ न
८५६	९०२	मकरः	मकर	अ पुं
२०१	१८४	भोज्यम्	भोज्य	अ न
८५६	९०२	मखानः	मखान	अ पुं
२१८	१८०	मधुः	मधु	उ पुं
२१८	१८०	मधुसूदनः	मधुसूदन	अ पुं
६९६	९५	मनुः	मनु	उ पुं
६९६	५५	मनोजवः	मनोजव	अ पुं
४९३	२८१	मनोहरः	मनोहर	अ पुं
२३५	१९१	मन्त्रः	मन्त्र	अ पुं
२९३	२९२	महर्षिः	महर्षि	इ पुं
४८२	५३२	महर्षिः कपिलाचार्यः	महर्षिः कपिलाचार्य	अ पुं
४८२	५३२	महाकोशः	महाकोश	अ पुं
५०९	५७६	महाक्रतुः	महाक्रतु	उ पुं
५८९	६८०	महाक्रमः	महाक्रम	अ पुं
८८६	९९०	महान्	महत्	त् पुं
५९०	६६८	महानिधिः	महानिधि	इ पुं
२९२	२७२	महाबलः	महाबल	अ पुं
२९३	२७३	महाबुद्धिः	महाबुद्धि	इ पुं
२९३	२७३	महाभागः	महाभाग	अ पुं
४०४	४६२	महाभूतः	महाभूत	अ पुं
५०४	५६०	महामनाः	महामनस्	स् पुं
५२०	५८२	महामायः	महामाय	अ पुं
५२५	६०२	महामूर्तिः	महामूर्ति	इ पुं
५९३	६८२	महातेजाः	महातेजस्	स् पुं
५९३	६८२	महायज्ञः	महायज्ञ	अ पुं
४९९	५८१	महातेजाः	महातेजस्	स् पुं
४९९	५८१	महाद्युतिः	महाद्युति	इ पुं
४९९	५८१	महाबलः	महाबल	अ पुं
५९०	६६८	महावरः	महावर	अ पुं
२२४	२७४	महाह्रदः	महाह्रद	अ पुं
२२५	२७५	महाशक्तिः	महाशक्ति	इ पुं
३०४	३०४	महासेनः	महासेन	अ पुं
४८०	५३०	महाद्युतिः	महाद्युति	इ पुं
४८०	५३०	महेशः	महेश	अ पुं
४८०	५३०	महीधरः	महीधर	अ पुं
३५९	३९९	महीभर्ता	महीभर्तृ	ऋ पुं
२२८	२८५	महेष्वासः	महेष्वास	अ पुं
२२९	२९३	महोत्साहः	महोत्साह	अ पुं
२२९	२९३	महादन्तः	महादन्त	अ पुं
२३०	२९४	महोत्सवः	महोत्सव	अ पुं
२३०	२९४	महोरगः	महोरग	अ पुं
२३०	२९४	माधवः	माधव	अ पुं
२३०	२९४	मानदः	मानद	अ पुं
४५४	५५५	मान्धाता	मान्धातृ	ऋ पुं
३५३	३७१	मार्गः	मार्ग	अ पुं
३९२	३९९	मार्तण्डः	मार्तण्ड	अ पुं
४६९	५१८	मुकुन्दः	मुकुन्द	अ पुं
९३	५२	मुक्तानां परमा गतिः	मुक्तानां परमा गति	इ स्त्री
८८५	५३०	मेदिनीपतिः	मेदिनीपति	इ पुं
८५५	९५०	मेधावी	मेधाविन्	न् पुं
७४५	८८८	मेधजः	मेधज	अ पुं
४९२	५७७	यज्ञः	यज्ञ	अ पुं
८०९	९७३	यज्ञकृत्	यज्ञकृत्	त् पुं
८०९	९७३	यज्ञगुह्यम्	यज्ञगुह्य	अ न
८१०	९७३	यज्ञपतिः	यज्ञपति	इ पुं
८१३	९७६	यज्ञभुक्	यज्ञभुज्	ज् पुं
८१३	९७६	यज्ञवाहनः	यज्ञवाहन	अ पुं
८१३	९७६	यज्ञाङ्गः	यज्ञाङ्ग	अ पुं
८१४	९७८	यज्ञाङ्गी	यज्ञाङ्गिन्	न् पुं
८१४	९७८	यज्ञान्तकृत्	यज्ञान्तकृत्	त् पुं
८१४	९७८	यज्ञी	यज्ञिन्	न् पुं
८१४	९७८	यतात्मा	यतात्मन्	न् पुं
८१४	९७८	यत्नः	यत्न	अ पुं
८१४	९७८	यदुश्रेष्ठः	यदुश्रेष्ठ	अ पुं
८५४	९९४	यमः	यम	अ पुं
३९०	३०२	युगादिकृत्	युगादिकृत्	त् पुं
७९	१८	योगः	योग	अ पुं
७९	१८	योगविदां नेता	योगविदां नेता	ऋ पुं
७२९	८६३	योगी	योगिन्	न् पुं
७२९	८६३	योगीशः	योगीश	अ पुं
७२९	८६३	रक्षणः	रक्षण	अ पुं
५२८	६८९	रणप्रियः	रणप्रिय	अ पुं
४२८	४८९	रणः	रण	अ पुं
८३२	९९४	रणः	रण	अ पुं
८२९	९९०	रत्ननाभः	रत्ननाभ	अ पुं
८१८	९८०	रत्नाङ्गः	रत्नाङ्ग	अ पुं
४३८	४८७	रविः	रवि	इ पुं
७४८	८८८	रविलोचनः	रविलोचन	अ पुं
७४०	८८४	रामः	राम	अ पुं
७४२	८८५	रविः	रवि	इ पुं
३५३	३६६	रुद्रः	रुद्र	अ पुं
३५३	३६६	रुचिरः	रुचिर	अ पुं
७५०	८९३	लक्ष्मीः	लक्ष्मी	ई स्त्री
७२०	८६०	लक्ष्मीवान्	लक्ष्मीवत्	त् पुं
८३०	९९१	लोकत्रयाश्रयः	लोकत्रयाश्रय	अ पुं
६३७	७४०	लोकनाथः	लोकनाथ	अ पुं
८३४	९९३	लोकबन्धुः	लोकबन्धु	उ पुं
७४९	८९८	लोकसारङ्गः	लोकसारङ्ग	अ पुं
६४८	७५४	लोकस्वामी	लोकस्वामिन्	न् पुं
९५५	९९५	लोकाधिष्ठानम्	लोकाधिष्ठान	अ न
९३५	९९५	लोकध्यक्षः	लोकध्यक्ष	अ पुं
९३५	९९५	लोहिताक्षः	लोहिताक्ष	अ पुं
३३२	३६३	वन्दनः	वन्दन	अ पुं
८३०	४७९	वंशवर्धनः	वंशवर्धन	अ पुं
४२०	४७९	वत्सरः	वत्सर	अ पुं
४३५	४८६	वत्सः	वत्स	अ पुं
४३५	४८६	वत्सलः	वत्सल	अ पुं
४३५	४८६	वत्सी	वत्सिन्	न् पुं
४३६	४८६	वनमाली	वनमालिन्	न् पुं
३३६	३३३	वरदः	वरद	अ पुं
६४०	७४५	वरारोहः	वरारोह	अ पुं
५०२	५५८	वरुणः	वरुण	अ पुं
२८०	२६२	वर्धमानः	वर्धमान	अ पुं
२८१	२६३	वर्धमानः	वर्धमान	अ पुं
४९	३	वषट्कारः	वषट्कार	अ पुं
४९	३	वषट्कारः	वषट्कार	अ पुं
४९	३	वसुः	वसु	उ पुं
६०९	७०१	वसुदः	वसुद	अ पुं
६०९	६९८	वसुमनस्	वसुमनस्	स् पुं
६०९	७०२	वसुप्रदः	वसुप्रद	अ पुं
६०९	६९७	वसुरेताः	वसुरेतस्	स् पुं
२६३	२३५	वासविः	वासवि	इ पुं
२६४	२३६	वाचस्पतिः	वाचस्पति	इ पुं
२५२	२१८	वासुदेवः	वासुदेव	अ पुं
२५२	२१८	वासुदेवः	वासुदेव	अ पुं
४९५	५५४	वासुदेवः	वासुदेव	अ पुं
४९५	५५४	वारुणः	वारुण	अ पुं
२२५	३२४	वासुदेवः	वासुदेव	अ पुं
३३०	३३३	वासुदेवः	वासुदेव	अ पुं
६०८	७००	विकर्ता	विकर्तृ	ऋ पुं
४४६	५०२	विक्रमी	विक्रमिन्	न् पुं
४४६	५०२	विक्रमी	विक्रमिन्	न् पुं
३५२	३६२	विक्षरः	विक्षर	अ पुं
२०५	१४५	विजयः	विजय	अ पुं
४४८	५१३	विजितात्मा	विजितात्मन्	न् पुं
७८६	९३८	विदारणः	विदारण	अ पुं
७८६	९३८	विद्धः	विद्ध	अ पुं
७८८	९४०	विद्युत्	विद्युत्	त् पुं
४४०	४९०	विधाता	धातृ	ऋ पुं
४४०	४९०	विधेयात्मा	विधेयात्मन्	न् पुं
४६२	५२०	विनयः	विनय	अ पुं
४६२	५२०	विनयिता	विनयितृ	ऋ पुं
४६२	५२०	विरजोमार्गः	विरजोमार्ग	अ पुं
३७२	३९७	विराट्	विराज्	ज् पुं
३७१	३९७	विरामः	विराम	अ पुं
२८३	२६५	विरोचनः	विरोचन	अ पुं
२८४	२६७	विवस्वान्	विवस्वत्	त् पुं
५६९	६४०	विशिष्टः	विशिष्ट	अ पुं
५६९	६४०	विशुद्धात्मा	विशुद्धात्मन्	न् पुं
५६९	६४०	विशोधनः	विशोधन	अ पुं
३१८	२८९	विश्रामः	विराम	अ पुं
२९८	२७०	विस्तारः	विस्तार	अ पुं
२९८	२७०	विश्वरूपः	विश्वरूप	अ पुं
२९९	२७१	विश्वबाहुः	विश्वबाहु	उ पुं
२९९	२७१	विश्वभुक्	विश्वभुज्	ज् पुं
४२	२	विश्वम्	विश्व	अ न
२९९	२७१	विश्वरूपः	विश्वरूप	अ पुं
२०५	१५१	विश्वयोनिः	विश्वयोनि	इ स्त्री
२३६	२९	विश्वरेताः	विश्वरेतस्	स् पुं
२३६	२९	विश्वेशः	विश्वेश	अ पुं
२५७	२४०	विष्वक्सेनः	विष्वक्सेन	अ पुं
२५७	२४०	वीक्षणः	वीक्षण	अ पुं
२५७	२४०	विष्णुः	विष्णु	उ पुं
४९	२	विश्वक्सेनः	विश्वक्सेन	अ पुं
३७८	४०२	वीरः	वीर	अ पुं
४४९	५१७	वीरहा	वीरहन्	न् पुं
४०३	५६०	वृक्षः	वृक्ष	अ पुं
३४५	३५४	वृषकर्मा	वृषकर्मन्	न् पुं
२०४	१९४	वृषकपिः	वृषकपि	इ पुं
२०४	१९४	वृषपर्वा	वृषपर्वन्	न् पुं
५६२	६०२	वृषप्रियः	वृषप्रिय	अ पुं
५६२	६०२	वृषः	वृष	अ पुं
५६२	६०२	वृषपर्वा	वृषपर्वन्	न् पुं
५६२	६०२	वृषपर्वा	वृषपर्वन्	न् पुं
५६२	६०२	वृषाकृतिः	वृषाकृति	इ पुं
५६२	६०२	वृषाङ्कः	वृषाङ्क	अ पुं
२००	२५७	वृषोदरः	वृषोदर	अ पुं
३५७	३७३	वृषः	वृष	अ पुं
२९२	२३०	वेदः	वेद	अ पुं
२९३	२३०	वेदवित्	वेदविद्	द् पुं
२९३	२३०	वेदविद् अव्यङ्गः	वेदविद् अव्यङ्ग	अ पुं
४८९	५४०	वेद्यः	वेद्य	अ पुं
८८९	९०४	वैकुण्ठः	वैकुण्ठ	अ पुं
८१८	९८०	वैखानसः	वैखानस	अ पुं
२९५	३०६	वैद्यः	वैद्य	अ पुं
३५६	३८६	व्यक्तरूपः	व्यक्तरूप	अ पुं
६५६	३८६	व्याप्तः	व्याप्त	अ पुं
६८०	७९०	व्याप्यः	व्याप्य	अ पुं
६८०	७९०	व्यासः	व्यास	अ पुं
५९६	५७८	शक्तिमतां श्रेष्ठः	शक्तिमतां श्रेष्ठ	अ पुं
८२९	७२०	शङ्खभृत्	शङ्खभृत्	त् पुं
८२०	७२०	शताननः	शतानन	अ पुं
३३८	३४३	शतावर्ताय	शतावर्त	अ पुं
८९३	८८९	शत्रुजिच्छत्रुतापनः	शत्रुजिच्छत्रुतापन	अ पुं
५८८	६९१	शत्रुघ्नः	शत्रुघ्न	अ पुं
९५२	९९९	शब्दसगः	शब्दसग	अ पुं
९५२	९९९	शम्भुः	शम्भु	उ पुं
९५२	९९९	शरणम्	शरण	अ न
९५२	९९९	शरण्यः	शरण्य	अ पुं
३५२	३५२	शरीरभृत्	शरीरभृत्	त् पुं
४०२	४५९	शरीरभूतः	शरीरभूत	अ पुं
८८	८८	शर्म	शर्मन्	न् न
८८	८८	शर्वः	शर्व	अ पुं
२९९	२८४	शर्वरीकरः	शर्वरीकर	अ पुं
२९९	२८४	शाश्वतः	शाश्वत	अ पुं
२९९	२८४	शाश्वतस्थाणुः	शाश्वतस्थाणु	उ पुं
५४७	५९७	शास्ता	शास्तृ	ऋ पुं
२८८	२१४	शिखण्डी	शिखण्डिन्	न् पुं
२८८	२१४	शिशिरः	शिशिर	अ पुं
७६८	९१४	शिवाः	शिव	अ पुं
७६८	९१४	शुचिः	शुचि	इ पुं
२७०	२५२	शुचिश्रवाः	शुचिश्रवस्	स् पुं
७७१	९१३	शुभः	शुभ	अ पुं
७७१	९१३	शुभाङ्गः	शुभाङ्ग	अ पुं
३४९	३८५	शुभ्रेक्षणः	शुभ्रेक्षण	अ पुं
३६०	३८०	शूरः	शूर	अ पुं
६८९	७०९	शूरसेनः	शूरसेन	अ पुं
६८९	७०९	शूली	शूलिन्	न् पुं
५३८	६०८	शोकनाशनः	शोकनाशन	अ पुं
५३८	६०८	शौरिः	शौरि	इ पुं
५४४	६०८	श्रमणः	श्रमण	अ पुं
२५९	२०८	श्रीकरः	श्रीकर	अ पुं
३५८	३७८	श्रीगर्भः	श्रीगर्भ	अ पुं
५४०	६१२	श्रीदः	श्रीद	अ पुं
९००	९५३	शंखभृत्	शंखभृत्	त् पुं
९००	९५३	संक्षेपः	संक्षेप	अ पुं
५३५	६०५	संक्षेमा	संक्षेम	अ पुं
२४४	२०४	संन्यासी	संन्यासिन्	न् पुं
२४४	२०४	संन्यासिकृत्	संन्यासिकृत्	त् पुं
२६९	२३३	संयतः	संयत	अ पुं
२६९	२३३	संवत्सरः	संवत्सर	अ पुं
२६९	२३३	संयुतः	संयुत	अ पुं
३६५	३८४	संस्थानः	संस्थान	अ पुं
४३५	४८५	सत्	सत्	त् न
२३२	१८४	सतां गतिः	सतां गति	इ स्त्री
४५५	५५१	सत्कर्ता	सत्कर्तृ	ऋ पुं
२४०	२४८	सत्कृतिः	सत्कृति	इ स्त्री
६९२	७०५	सत्ता	सत्ता	आ स्त्री
७३५	८५०	सत्त्वम्	सत्त्व	अ न
७३५	८५०	सत्त्ववान्	सत्त्ववत्	त् पुं
४४४	४८८	सत्यः	सत्य	अ पुं
४४४	४८८	सत्यधर्मपरायणः	सत्यधर्मपरायण	अ पुं
३०२	२९०	सत्यधर्मः	सत्यधर्म	अ पुं
६५२	७६२	सत्यमेधः	सत्यमेध	अ पुं
४८०	५३२	सत्यसन्धः	सत्यसन्ध	अ पुं
४४९	४९९	सदाशिवः	सदाशिव	अ पुं
४४९	४९९	सदायोगी	सदायोगिन्	न् पुं
२०५	१७४	सद्गतिः	सद्गति	इ स्त्री
६१२	७०४	सद्भूतः	सद्भूत	अ पुं
७५७	८९७	सनात्	सनात्	त् पुं
७५७	८९७	सनातनतमः	सनातनतम	अ पुं
७८०	९२९	सन्ततः	सन्तत	अ पुं
७०४	८३८	सत्पत्तिः	सत्पत्ति	इ पुं
७६२	९०४	सप्तजिह्वा	सप्तजिह्व	अ पुं
७८२	९३२	सप्तवाहनः	सप्तवाहन	अ पुं
७०६	८३२	सप्तैधाः	सप्तैधस्	स् पुं
३७९	३९०	समः	सम	अ पुं
३७९	३९०	सममनस्	सममनस्	स् पुं
६६९	७७९	समात्मा	समात्मन्	न् पुं
६६९	७७९	समावर्तः	समावर्त	अ पुं
३५२	३६४	समितिञ्जयः	समितिञ्जय	अ पुं
२९९	२२५	समीहनः	समीहन	अ पुं
२३१	१९४	सर्गः	सर्ग	अ पुं
७२३	८५५	सर्वः	सर्व	अ पुं
८८७	९५४	सर्वकामदः	सर्वकामद	अ पुं
८८७	९५४	सर्वज्ञः	सर्वज्ञ	अ पुं
८८७	९५४	सर्वतः	सर्वतस्	स् पुं
८५३	९९२	सर्वदर्शनः	सर्वदर्शन	अ पुं
४५१	५३१	सर्वदृश्वा	सर्वदृश्वन्	न् पुं
९२६	९९९	सर्वतोमुखः	सर्वतोमुख	अ पुं
९५७	९०४	सर्वयोगी	सर्वयोगिन्	न् पुं
३५०	३६२	सर्वलक्षणः	सर्वलक्षण	अ पुं
६८५	८०८	सर्वविद्विद्	सर्वविद्विद्	द् पुं
६८८	८११	सर्ववित्	सर्ववित्	त् पुं
९५८	९९५	सर्वशस्त्रभृत्	सर्वशस्त्रभृत्	त् पुं
९५४	९९५	सर्वादिः	सर्वादि	इ पुं
९६२	९००	सर्वजित्	सर्वजित्	त् पुं
६९८	७९५	सर्वविजयी	सर्वविजयिन्	न् पुं
६९८	७९५	सर्वसाक्षी	सर्वसाक्षिन्	न् पुं
६९८	७९५	सर्वसिद्धिदः	सर्वसिद्धिद	अ पुं
६९८	७९५	सर्वादिः	सर्वादि	इ पुं
६९८	७९५	सर्वेश्वरः	सर्वेश्वर	अ पुं
२५५	२००	सर्वदिक्	सर्वदिश्	श् स्त्री
८१८	९२५	सवितुः	सवितु	उ पुं
३५५	३७०	सहः	सह	अ पुं
२५५	२२९	सहस्रपात्	सहस्रपाद्	द् पुं
२५५	२२९	सहस्रमूर्धा	सहस्रमूर्धन्	न् पुं
४५४	५०४	सहस्रार्चिः	सहस्रार्चिस्	स् पुं
४५४	५०४	सहस्राक्षः	सहस्राक्ष	अ पुं
२०२	१४६	सहस्रांशुः	सहस्रांशु	उ पुं
२०२	१४६	सहिष्णुः	सहिष्णु	उ पुं
७९	९५	साक्षी	साक्षिन्	न् पुं
७३६	८८४	सात्त्विकः	सात्त्विक	अ पुं
२६८	२४४	सामगः	सामग	अ पुं
२६८	२४४	सामगायनः	सामगायन	अ पुं
४९९	५८८	सिंहः	सिंह	अ पुं
४९९	५८८	सिद्धः	सिद्ध	अ पुं
२७५	२५३	सिद्धसंकल्पः	सिद्धसंकल्प	अ पुं
२७५	२५३	सिद्धये	सिद्धये	अ पुं
२७६	२९	सिद्धिः	सिद्धि	इ स्त्री
२७६	२५५	सिद्धिसाधनः	सिद्धिसाधन	अ पुं
४५०	५१०	सुखदः	सुखद	अ पुं
४५०	५१०	सुखी	सुखिन्	न् पुं
४५०	५१०	सुपर्णः	सुपर्ण	अ पुं
९६२	९००	सुराध्यक्षः	सुराध्यक्ष	अ पुं
९६२	९००	सुरानन्दः	सुरानन्द	अ पुं
९६२	९००	सुरारिहा	सुरारिहन्	न् पुं
९६२	९००	सुरुचिः	सुरुचि	इ पुं
९६२	९००	सुरेशः	सुरेश	अ पुं
९६२	९००	सुरेश्वरः	सुरेश्वर	अ पुं
९६२	९००	सुलभः	सुलभ	अ पुं
९६२	९००	सुलोचनः	सुलोचन	अ पुं
९६२	९००	सुपर्णः	सुपर्ण	अ पुं
९६२	९००	सुवर्णः	सुवर्ण	अ पुं
९६२	९००	सुव्रतः	सुव्रत	अ पुं
९६२	९००	सुमुखः	सुमुख	अ पुं
९६२	९००	सुन्दरः	सुन्दर	अ पुं
९६२	९००	सुप्रसादः	सुप्रसाद	अ पुं
९६२	९००	सुमेधाः	सुमेधा	अ पुं
९६२	९००	सुमुखः	सुमुख	अ पुं
९६२	९००	सोमः	सोम	अ पुं
९६२	९००	सोमपः	सोमप	अ पुं
९६२	९००	स्कन्दः	स्कन्द	अ पुं
९६२	९००	स्कन्दधरः	स्कन्दधर	अ पुं
५९६	६८५	स्वस्ति	स्वस्ति	इ न
५९६	६८६	स्वस्तिभुक्	स्वस्तिभुज्	ज् न
३६५	३९४	स्वस्तिदः	स्वस्तिद	अ पुं
३६५	३९५	स्वस्तिदक्षिणः	स्वस्तिदक्षिण	अ पुं
७६२	९०४	स्वस्तिकृत्	स्वस्तिकृत्	त् पुं
७६२	९०४	स्वस्तिमान्	स्वस्तिमत्	त् पुं
५९९	५९९	स्वाङ्‌गः	स्वाङ्ग	अ पुं
४९०	५४२	स्वापनः	स्वापन	अ पुं
४९०	५४२	स्वाधीनः	स्वाधीन	अ पुं
४८६	५३७	स्वाम्यः	स्वाम्य	अ पुं
८०६	९३७	स्वायम्भुवः	स्वायम्भुव	उ पुं
२८	२८	स्वायम्भुः	स्वायम्भु	उ पुं
३६५	३९५	स्वानन्दः	स्वानन्द	अ पुं
४००	४४८	स्वारः	स्वार	अ पुं
२५९	२९७	स्वाहा	स्वाहा	आ स्त्री
५४६	६२१	स्वायम्भुवः	स्वायम्भुव	अ पुं
७९८	९६०	स्वक्षः	स्वक्ष	अ पुं
७९८	९६०	स्वक्ष्	स्वक्ष्	श् पुं
७९८	९६०	स्वङ्गः	स्वङ्ग	अ पुं
८२०	९८७	स्वञ्जितः	स्वञ्जित	अ पुं
८२०	९८७	स्वयम्भूः	स्वयम्भू	ऊ पुं
७६२	९०४	स्वयम्भूः	स्वयम्भू	ऊ पुं
२२३	१९३	हंसः	हंस	अ पुं
५०४	५६७	हरिः	हरि	इ पुं
५०७	५६७	हलायुधः	हलायुध	अ पुं
३५२	३६१	हविः	हविस्	स् न
३५२	३६१	हविर्हरिः	हविर्हरि	इ पुं
१३८	७२	हिरण्यगर्भः	हिरण्यगर्भ	अ पुं
२८८	२१८	हिरण्यनाभः	हिरण्यनाभ	अ पुं
१३९	७७	हुतभुक्	हुतभुज्	ज् पुं
१३९	७७	हृषीकेशः	हृषीकेश	अ पुं
१५०	७९	हेतुः	हेतु	उ पुं
६२०	७१४	हेमाङ्गः	हेमाङ्ग	अ पुं
